{
  "_format": "hh-sol-cache-2",
  "files": {
    "C:\\Users\\vasud\\charity-blockchain\\contracts\\charityDonation.sol": {
      "lastModificationDate": 1738231568489,
      "contentHash": "bfe9afee7be93ce866176e18f8097042",
      "sourceName": "contracts/charityDonation.sol",
      "solcConfig": {
        "version": "0.8.28",
        "settings": {
          "evmVersion": "paris",
          "optimizer": {
            "enabled": false,
            "runs": 200
          },
          "outputSelection": {
            "*": {
              "*": [
                "abi",
                "evm.bytecode",
                "evm.deployedBytecode",
                "evm.methodIdentifiers",
                "metadata"
              ],
              "": [
                "ast"
              ]
            }
          }
        }
      },
      "imports": [],
      "versionPragmas": [
        "^0.8.0"
      ],
      "artifacts": [
        "CharityDonation"
      ]
    }
  }
}
